Epoch,Train Recall,Train Precision,Train Accuracy,Validation Recall,Validation Precision,Validation Accuracy
1,0.5326987,0.673822,0.6374172,0.015121951,0.59615386,0.502439
2,0.519971,0.6815407,0.63850373,0.015609756,0.627451,0.5031707
3,0.5882657,0.6204977,0.6142384,0.0024390244,0.71428573,0.5007317
4,0.5204884,0.63929844,0.6134106,0.011707317,0.7741935,0.50414634
